region,tenure,age,marital,address,income,ed,employ,retire,gender,reside,custcat,gender_label,marital_label,retire_label
2,46,49,1,13,51.0,2,21,0.0,0,2,1,Mujer,Casado,No Jubilado
1,21,43,0,13,41.0,2,1,0.0,1,1,4,Hombre,Soltero,No Jubilado
3,35,33,0,9,73.0,5,4,0.0,1,1,4,Hombre,Soltero,No Jubilado
2,50,52,1,17,36.0,4,16,0.0,0,4,4,Mujer,Casado,No Jubilado
3,60,56,0,19,51.0,4,11,0.0,0,1,4,Mujer,Soltero,No Jubilado
3,71,40,1,19,53.0,4,14,0.0,1,2,4,Hombre,Casado,No Jubilado
3,27,51,1,3,80.0,5,11,0.0,0,3,2,Mujer,Casado,No Jubilado
3,31,31,0,4,48.0,1,15,0.0,0,1,3,Mujer,Soltero,No Jubilado
2,56,54,0,25,147.0,3,31,0.0,1,1,2,Hombre,Soltero,No Jubilado
1,53,35,0,15,59.0,3,5,0.0,1,1,3,Hombre,Soltero,No Jubilado
3,72,68,1,26,59.0,2,36,1.0,1,2,4,Hombre,Casado,Jubilado
1,41,52,0,26,928.0,3,29,0.0,0,3,3,Mujer,Soltero,No Jubilado
2,27,24,1,3,26.0,1,7,0.0,1,4,1,Hombre,Casado,No Jubilado
1,26,29,1,3,77.0,4,2,0.0,0,4,4,Mujer,Casado,No Jubilado
2,60,55,1,13,67.0,1,18,0.0,1,2,1,Hombre,Casado,No Jubilado
2,44,49,1,2,66.0,2,8,0.0,1,4,4,Hombre,Casado,No Jubilado
1,32,27,1,3,91.0,4,1,0.0,1,3,4,Hombre,Casado,No Jubilado
3,4,32,0,2,53.0,4,5,0.0,0,1,1,Mujer,Soltero,No Jubilado
3,44,31,0,12,30.0,1,7,0.0,1,3,1,Hombre,Soltero,No Jubilado
1,35,39,1,11,30.0,3,2,0.0,1,3,3,Hombre,Casado,No Jubilado
1,46,29,1,4,90.0,5,3,0.0,0,4,4,Mujer,Casado,No Jubilado
2,53,63,1,15,43.0,2,18,0.0,0,2,2,Mujer,Casado,No Jubilado
3,70,39,1,20,38.0,2,8,0.0,1,4,3,Hombre,Casado,No Jubilado
3,8,27,1,0,21.0,3,3,0.0,1,2,2,Hombre,Casado,No Jubilado
2,22,23,1,3,16.0,1,5,0.0,0,4,1,Mujer,Casado,No Jubilado
1,8,42,1,2,129.0,4,17,0.0,1,3,1,Hombre,Casado,No Jubilado
2,54,42,1,0,55.0,4,2,0.0,0,5,4,Mujer,Casado,No Jubilado
3,60,48,1,22,106.0,3,21,0.0,1,3,4,Hombre,Casado,No Jubilado
1,14,31,1,9,39.0,3,4,0.0,1,7,1,Hombre,Casado,No Jubilado
1,60,53,0,22,171.0,1,37,0.0,1,1,3,Hombre,Soltero,No Jubilado
1,44,57,1,1,186.0,2,17,0.0,0,2,3,Mujer,Casado,No Jubilado
2,42,40,0,7,37.0,2,8,0.0,1,1,4,Hombre,Soltero,No Jubilado
1,64,55,0,28,104.0,1,26,0.0,1,1,3,Hombre,Soltero,No Jubilado
3,10,23,0,1,29.0,4,0,0.0,1,1,4,Hombre,Soltero,No Jubilado
2,7,37,0,5,57.0,4,1,0.0,0,1,1,Mujer,Soltero,No Jubilado
1,46,48,1,15,64.0,3,20,0.0,0,2,3,Mujer,Casado,No Jubilado
1,35,50,1,26,140.0,2,21,0.0,1,4,3,Hombre,Casado,No Jubilado
3,46,25,0,5,57.0,5,0,0.0,1,2,1,Hombre,Soltero,No Jubilado
3,33,41,0,15,37.0,2,11,0.0,0,1,1,Mujer,Soltero,No Jubilado
1,61,52,0,21,82.0,1,18,0.0,0,1,3,Mujer,Soltero,No Jubilado
1,17,41,0,4,32.0,2,3,0.0,0,1,3,Mujer,Soltero,No Jubilado
3,3,25,1,2,45.0,4,0,0.0,1,2,1,Hombre,Casado,No Jubilado
1,10,31,0,0,32.0,4,7,0.0,1,2,2,Hombre,Soltero,No Jubilado
2,22,35,0,12,28.0,2,3,0.0,0,2,2,Mujer,Soltero,No Jubilado
1,45,52,0,15,46.0,5,8,0.0,1,1,2,Hombre,Soltero,No Jubilado
1,15,35,1,5,34.0,3,8,0.0,0,2,2,Mujer,Casado,No Jubilado
3,25,29,0,9,55.0,4,1,0.0,0,1,1,Mujer,Soltero,No Jubilado
2,19,32,0,12,71.0,4,5,0.0,1,1,4,Hombre,Soltero,No Jubilado
2,37,33,0,4,41.0,3,8,0.0,1,3,2,Hombre,Soltero,No Jubilado
2,7,43,0,4,69.0,3,5,0.0,1,1,1,Hombre,Soltero,No Jubilado
1,65,48,0,28,94.0,1,25,0.0,0,1,2,Mujer,Soltero,No Jubilado
1,13,45,1,3,99.0,3,8,0.0,1,2,3,Hombre,Casado,No Jubilado
3,43,51,1,15,186.0,3,25,0.0,0,2,4,Mujer,Casado,No Jubilado
1,9,21,1,1,17.0,2,2,0.0,1,3,1,Hombre,Casado,No Jubilado
1,60,46,0,17,81.0,5,9,0.0,1,1,2,Hombre,Soltero,No Jubilado
2,38,30,1,10,25.0,1,5,0.0,1,4,1,Hombre,Casado,No Jubilado
2,1,33,0,5,53.0,4,6,0.0,1,1,1,Hombre,Soltero,No Jubilado
1,13,54,0,2,31.0,4,2,0.0,0,1,1,Mujer,Soltero,No Jubilado
3,11,32,0,8,23.0,2,0,0.0,1,1,1,Hombre,Soltero,No Jubilado
2,42,57,1,25,209.0,1,40,0.0,1,4,1,Hombre,Casado,No Jubilado
3,66,55,0,20,80.0,2,24,0.0,1,1,3,Hombre,Soltero,No Jubilado
2,6,50,0,5,37.0,2,0,0.0,0,1,2,Mujer,Soltero,No Jubilado
2,72,60,1,33,12.0,1,20,1.0,0,3,4,Mujer,Casado,Jubilado
3,19,50,0,7,112.0,4,3,0.0,1,1,4,Hombre,Soltero,No Jubilado
2,25,41,0,3,81.0,3,20,0.0,1,4,3,Hombre,Soltero,No Jubilado
1,70,44,1,24,87.0,2,18,0.0,0,3,3,Mujer,Casado,No Jubilado
1,71,45,1,14,86.0,2,25,0.0,0,2,2,Mujer,Casado,No Jubilado
1,28,31,1,0,42.0,4,5,0.0,1,3,3,Hombre,Casado,No Jubilado
1,34,33,0,8,35.0,3,2,0.0,1,1,2,Hombre,Soltero,No Jubilado
1,2,40,0,9,134.0,4,2,0.0,0,1,1,Mujer,Soltero,No Jubilado
3,18,31,1,12,24.0,3,4,0.0,0,4,2,Mujer,Casado,No Jubilado
2,31,46,0,23,144.0,4,13,0.0,0,1,3,Mujer,Soltero,No Jubilado
3,42,58,0,7,22.0,1,4,0.0,1,1,2,Hombre,Soltero,No Jubilado
2,61,52,1,23,19.0,1,0,0.0,0,2,3,Mujer,Casado,No Jubilado
2,48,42,0,21,35.0,4,5,0.0,0,1,3,Mujer,Soltero,No Jubilado
2,1,24,0,3,20.0,1,3,0.0,0,1,1,Mujer,Soltero,No Jubilado
3,18,69,1,11,58.0,3,8,0.0,0,2,4,Mujer,Casado,No Jubilado
3,26,42,0,20,49.0,3,13,0.0,0,1,4,Mujer,Soltero,No Jubilado
1,1,34,1,6,18.0,1,0,0.0,1,2,1,Hombre,Casado,No Jubilado
3,51,49,0,29,45.0,1,16,0.0,0,1,1,Mujer,Soltero,No Jubilado
1,10,28,0,9,75.0,4,1,0.0,0,1,4,Mujer,Soltero,No Jubilado
1,22,48,0,7,88.0,4,12,0.0,0,1,1,Mujer,Soltero,No Jubilado
3,18,28,1,3,22.0,1,2,0.0,1,5,1,Hombre,Casado,No Jubilado
3,9,34,1,9,33.0,2,8,0.0,1,4,1,Hombre,Casado,No Jubilado
1,38,31,1,7,187.0,4,6,0.0,0,3,4,Mujer,Casado,No Jubilado
2,61,40,0,15,85.0,3,15,0.0,1,1,3,Hombre,Soltero,No Jubilado
1,34,40,1,21,23.0,4,9,0.0,1,3,4,Hombre,Casado,No Jubilado
1,40,29,1,6,40.0,2,8,0.0,1,5,3,Hombre,Casado,No Jubilado
1,34,49,1,27,61.0,3,15,0.0,1,2,3,Hombre,Casado,No Jubilado
2,10,34,0,1,52.0,5,3,0.0,1,1,2,Hombre,Soltero,No Jubilado
1,10,27,1,2,15.0,3,2,0.0,1,2,4,Hombre,Casado,No Jubilado
2,55,44,1,2,68.0,2,15,0.0,0,5,3,Mujer,Casado,No Jubilado
2,56,50,1,1,80.0,2,24,0.0,1,4,4,Hombre,Casado,No Jubilado
1,4,37,1,8,25.0,1,1,0.0,1,5,1,Hombre,Casado,No Jubilado
2,32,22,1,2,17.0,2,2,0.0,1,4,3,Hombre,Casado,No Jubilado
2,16,22,0,0,26.0,3,0,0.0,1,3,2,Hombre,Soltero,No Jubilado
2,12,55,1,13,36.0,1,5,0.0,1,2,2,Hombre,Casado,No Jubilado
1,62,52,1,2,195.0,1,23,0.0,0,2,3,Mujer,Casado,No Jubilado
1,5,32,0,6,33.0,4,3,0.0,0,2,1,Mujer,Soltero,No Jubilado
1,61,34,1,0,70.0,3,7,0.0,1,3,4,Hombre,Casado,No Jubilado
2,61,50,1,16,190.0,2,22,0.0,1,2,2,Hombre,Casado,No Jubilado
1,16,27,0,5,37.0,3,5,0.0,0,4,1,Mujer,Soltero,No Jubilado
2,72,66,1,43,96.0,2,16,0.0,1,2,4,Hombre,Casado,No Jubilado
3,13,36,0,11,31.0,2,0,0.0,0,1,1,Mujer,Soltero,No Jubilado
2,20,38,0,19,237.0,4,13,0.0,0,1,4,Mujer,Soltero,No Jubilado
3,61,73,0,10,25.0,1,21,1.0,0,1,1,Mujer,Soltero,Jubilado
1,9,36,1,14,62.0,4,10,0.0,0,6,4,Mujer,Casado,No Jubilado
1,49,35,1,15,113.0,4,4,0.0,0,5,2,Mujer,Casado,No Jubilado
1,53,31,0,10,46.0,3,6,0.0,0,2,2,Mujer,Soltero,No Jubilado
3,43,21,1,1,25.0,1,4,0.0,0,4,2,Mujer,Casado,No Jubilado
3,13,43,1,1,123.0,3,21,0.0,0,5,4,Mujer,Casado,No Jubilado
1,71,46,0,27,119.0,5,7,0.0,1,1,4,Hombre,Soltero,No Jubilado
3,26,54,1,30,26.0,3,1,0.0,1,2,4,Hombre,Casado,No Jubilado
1,13,54,0,12,121.0,4,23,0.0,0,1,3,Mujer,Soltero,No Jubilado
1,64,37,0,10,44.0,4,9,0.0,1,1,2,Hombre,Soltero,No Jubilado
1,41,53,1,22,94.0,2,25,0.0,0,2,2,Mujer,Casado,No Jubilado
1,50,52,1,22,162.0,2,27,0.0,1,2,4,Hombre,Casado,No Jubilado
3,59,32,0,9,73.0,4,5,0.0,0,1,2,Mujer,Soltero,No Jubilado
1,13,40,0,16,142.0,2,18,0.0,1,1,1,Hombre,Soltero,No Jubilado
3,60,57,0,38,162.0,2,30,0.0,0,1,3,Mujer,Soltero,No Jubilado
1,29,32,1,0,49.0,4,3,0.0,1,3,2,Hombre,Casado,No Jubilado
3,53,33,0,10,101.0,5,4,0.0,1,2,4,Hombre,Soltero,No Jubilado
3,48,39,0,20,110.0,4,9,0.0,0,1,3,Mujer,Soltero,No Jubilado
3,51,45,1,4,46.0,3,6,0.0,0,2,4,Mujer,Casado,No Jubilado
1,3,25,0,0,65.0,4,0,0.0,1,1,4,Hombre,Soltero,No Jubilado
2,1,36,0,6,21.0,1,1,0.0,0,2,2,Mujer,Soltero,No Jubilado
2,44,39,0,16,79.0,2,16,0.0,0,1,4,Mujer,Soltero,No Jubilado
3,28,50,1,7,25.0,1,3,0.0,0,2,1,Mujer,Casado,No Jubilado
1,46,31,1,12,21.0,1,5,0.0,0,5,3,Mujer,Casado,No Jubilado
3,32,33,0,1,38.0,1,12,0.0,1,1,1,Hombre,Soltero,No Jubilado
1,3,31,1,4,23.0,4,4,0.0,0,5,4,Mujer,Casado,No Jubilado
2,17,28,0,3,37.0,3,2,0.0,1,1,3,Hombre,Soltero,No Jubilado
1,32,34,1,7,32.0,2,15,0.0,0,4,1,Mujer,Casado,No Jubilado
2,47,25,1,5,21.0,1,1,0.0,1,2,3,Hombre,Casado,No Jubilado
3,22,39,0,4,55.0,2,17,0.0,1,1,4,Hombre,Soltero,No Jubilado
1,5,28,1,3,39.0,5,1,0.0,0,6,4,Mujer,Casado,No Jubilado
2,28,20,1,1,18.0,3,0,0.0,0,3,4,Mujer,Casado,No Jubilado
1,65,59,0,27,732.0,3,31,0.0,1,1,2,Hombre,Soltero,No Jubilado
3,32,35,0,12,57.0,4,5,0.0,0,1,2,Mujer,Soltero,No Jubilado
1,17,41,1,7,25.0,2,17,0.0,0,3,3,Mujer,Casado,No Jubilado
3,16,35,0,7,46.0,3,3,0.0,0,1,1,Mujer,Soltero,No Jubilado
1,64,24,1,0,23.0,3,1,0.0,1,5,2,Hombre,Casado,No Jubilado
2,57,54,1,30,115.0,4,23,0.0,1,3,4,Hombre,Casado,No Jubilado
3,5,35,1,9,59.0,3,8,0.0,1,5,4,Hombre,Casado,No Jubilado
2,3,32,0,4,58.0,2,11,0.0,0,4,4,Mujer,Soltero,No Jubilado
3,34,51,0,8,50.0,4,14,0.0,0,1,1,Mujer,Soltero,No Jubilado
3,59,26,1,3,41.0,4,1,0.0,1,3,2,Hombre,Casado,No Jubilado
1,42,44,1,2,99.0,2,21,0.0,0,3,3,Mujer,Casado,No Jubilado
1,60,53,0,32,93.0,1,28,0.0,0,1,3,Mujer,Soltero,No Jubilado
1,66,54,1,8,591.0,4,25,0.0,1,2,4,Hombre,Casado,No Jubilado
2,18,38,0,8,45.0,2,2,0.0,1,4,4,Hombre,Soltero,No Jubilado
1,71,39,0,2,40.0,3,17,0.0,0,1,3,Mujer,Soltero,No Jubilado
1,24,39,0,2,122.0,4,12,0.0,0,3,4,Mujer,Soltero,No Jubilado
1,38,55,1,12,135.0,2,24,0.0,0,4,4,Mujer,Casado,No Jubilado
3,54,59,0,28,28.0,2,15,0.0,0,1,2,Mujer,Soltero,No Jubilado
3,43,29,0,4,33.0,1,13,0.0,1,4,3,Hombre,Soltero,No Jubilado
2,64,38,0,0,29.0,2,2,0.0,0,2,2,Mujer,Soltero,No Jubilado
2,43,27,1,3,21.0,2,1,0.0,1,3,2,Hombre,Casado,No Jubilado
2,48,43,0,13,110.0,5,15,0.0,1,3,2,Hombre,Soltero,No Jubilado
2,45,49,1,27,81.0,2,7,0.0,1,4,3,Hombre,Casado,No Jubilado
1,21,44,1,4,26.0,3,2,0.0,0,2,4,Mujer,Casado,No Jubilado
2,24,43,1,15,48.0,4,4,0.0,0,6,4,Mujer,Casado,No Jubilado
1,68,52,1,17,120.0,1,24,0.0,0,2,1,Mujer,Casado,No Jubilado
2,8,39,0,0,39.0,1,7,0.0,1,1,1,Hombre,Soltero,No Jubilado
3,65,47,1,18,37.0,1,15,0.0,1,4,1,Hombre,Casado,No Jubilado
1,10,23,0,4,36.0,2,1,0.0,0,3,3,Mujer,Soltero,No Jubilado
2,11,20,0,1,20.0,2,0,0.0,1,1,4,Hombre,Soltero,No Jubilado
2,50,54,0,15,248.0,3,28,0.0,1,1,3,Hombre,Soltero,No Jubilado
2,69,48,1,27,55.0,2,4,0.0,0,2,3,Mujer,Casado,No Jubilado
1,16,34,1,13,56.0,3,10,0.0,1,3,1,Hombre,Casado,No Jubilado
2,16,36,0,13,58.0,4,4,0.0,0,1,1,Mujer,Soltero,No Jubilado
1,22,33,1,13,119.0,5,0,0.0,1,4,4,Hombre,Casado,No Jubilado
1,13,23,1,3,30.0,3,0,0.0,1,4,4,Hombre,Casado,No Jubilado
2,27,41,1,7,62.0,4,15,0.0,1,2,3,Hombre,Casado,No Jubilado
3,64,31,1,5,46.0,2,7,0.0,1,4,2,Hombre,Casado,No Jubilado
2,66,42,1,18,118.0,2,20,0.0,0,2,2,Mujer,Casado,No Jubilado
3,15,25,1,0,51.0,3,2,0.0,1,2,1,Hombre,Casado,No Jubilado
3,44,31,0,8,16.0,1,3,0.0,0,1,1,Mujer,Soltero,No Jubilado
3,9,25,0,3,27.0,1,4,0.0,1,1,1,Hombre,Soltero,No Jubilado
2,57,51,0,10,46.0,1,13,0.0,0,1,2,Mujer,Soltero,No Jubilado
1,30,51,1,9,118.0,5,21,0.0,1,2,1,Hombre,Casado,No Jubilado
3,53,38,1,15,20.0,3,6,0.0,1,4,2,Hombre,Casado,No Jubilado
2,68,42,0,16,89.0,4,12,0.0,0,1,2,Mujer,Soltero,No Jubilado
2,61,45,0,21,80.0,2,13,0.0,1,1,2,Hombre,Soltero,No Jubilado
2,30,52,0,23,17.0,3,3,0.0,1,1,2,Hombre,Soltero,No Jubilado
3,63,28,1,9,34.0,2,10,0.0,1,6,3,Hombre,Casado,No Jubilado
3,14,22,1,2,13.0,3,0,0.0,1,4,2,Hombre,Casado,No Jubilado
1,9,29,0,9,39.0,3,5,0.0,1,1,1,Hombre,Soltero,No Jubilado
3,63,56,0,17,71.0,3,18,0.0,1,1,1,Hombre,Soltero,No Jubilado
1,21,39,1,7,25.0,2,1,0.0,0,4,3,Mujer,Casado,No Jubilado
3,58,28,0,5,34.0,5,1,0.0,1,1,2,Hombre,Soltero,No Jubilado
3,22,30,0,8,41.0,2,8,0.0,0,1,3,Mujer,Soltero,No Jubilado
3,56,60,0,26,70.0,2,20,0.0,0,1,1,Mujer,Soltero,No Jubilado
1,33,34,1,2,28.0,1,3,0.0,1,3,2,Hombre,Casado,No Jubilado
1,8,30,0,1,34.0,2,9,0.0,1,1,3,Hombre,Soltero,No Jubilado
3,47,41,1,0,36.0,4,8,0.0,0,2,4,Mujer,Casado,No Jubilado
1,35,66,1,44,14.0,3,12,1.0,1,2,3,Hombre,Casado,Jubilado
3,3,43,0,19,61.0,4,11,0.0,1,1,1,Hombre,Soltero,No Jubilado
1,68,41,1,21,72.0,1,22,0.0,0,3,2,Mujer,Casado,No Jubilado
2,8,22,0,3,25.0,4,0,0.0,0,1,3,Mujer,Soltero,No Jubilado
2,42,48,1,22,82.0,1,21,0.0,1,5,4,Hombre,Casado,No Jubilado
2,54,50,1,5,151.0,4,20,0.0,0,3,3,Mujer,Casado,No Jubilado
1,18,52,1,20,66.0,1,19,0.0,1,2,1,Hombre,Casado,No Jubilado
1,72,54,1,6,345.0,1,32,0.0,0,2,3,Mujer,Casado,No Jubilado
1,50,43,0,6,27.0,3,4,0.0,0,1,3,Mujer,Soltero,No Jubilado
3,52,61,1,3,53.0,5,1,0.0,1,2,2,Hombre,Casado,No Jubilado
3,22,34,1,1,46.0,3,1,0.0,0,4,2,Mujer,Casado,No Jubilado
2,21,29,0,7,40.0,4,2,0.0,1,4,1,Hombre,Soltero,No Jubilado
1,31,47,1,18,35.0,2,0,0.0,0,2,1,Mujer,Casado,No Jubilado
3,45,66,0,11,87.0,3,25,1.0,1,1,1,Hombre,Soltero,Jubilado
1,49,54,0,24,30.0,2,5,0.0,0,1,2,Mujer,Soltero,No Jubilado
2,47,25,0,2,28.0,2,6,0.0,0,1,4,Mujer,Soltero,No Jubilado
3,67,42,1,20,81.0,3,20,0.0,1,5,4,Hombre,Casado,No Jubilado
1,46,48,1,12,256.0,3,25,0.0,0,6,4,Mujer,Casado,No Jubilado
2,13,33,1,9,19.0,4,0,0.0,1,2,2,Hombre,Casado,No Jubilado
3,56,42,1,10,24.0,2,5,0.0,0,2,3,Mujer,Casado,No Jubilado
1,4,40,0,12,38.0,2,5,0.0,0,1,1,Mujer,Soltero,No Jubilado
3,16,39,0,6,44.0,4,3,0.0,1,1,2,Hombre,Soltero,No Jubilado
2,43,43,1,3,55.0,4,18,0.0,1,4,4,Hombre,Casado,No Jubilado
2,53,51,0,31,245.0,4,0,0.0,0,1,2,Mujer,Soltero,No Jubilado
3,10,33,1,2,66.0,3,9,0.0,1,4,1,Hombre,Casado,No Jubilado
3,6,33,0,12,26.0,3,0,0.0,0,1,3,Mujer,Soltero,No Jubilado
2,71,41,1,10,73.0,2,23,0.0,1,2,3,Hombre,Casado,No Jubilado
2,19,37,1,4,99.0,2,15,0.0,1,3,2,Hombre,Casado,No Jubilado
2,18,69,0,28,11.0,1,17,1.0,0,1,1,Mujer,Soltero,Jubilado
1,18,45,1,17,43.0,1,9,0.0,0,3,3,Mujer,Casado,No Jubilado
1,37,54,1,35,183.0,2,22,0.0,0,3,3,Mujer,Casado,No Jubilado
3,14,37,1,5,48.0,3,1,0.0,1,4,1,Hombre,Casado,No Jubilado
3,36,48,0,28,29.0,1,2,0.0,0,1,1,Mujer,Soltero,No Jubilado
3,28,36,0,3,42.0,3,7,0.0,1,1,3,Hombre,Soltero,No Jubilado
2,22,39,0,0,63.0,4,9,0.0,0,1,2,Mujer,Soltero,No Jubilado
2,41,45,0,14,25.0,3,6,0.0,0,1,1,Mujer,Soltero,No Jubilado
1,47,35,1,13,70.0,4,9,0.0,1,2,4,Hombre,Casado,No Jubilado
2,6,30,0,9,45.0,2,2,0.0,1,1,1,Hombre,Soltero,No Jubilado
1,19,27,1,7,56.0,4,1,0.0,0,4,4,Mujer,Casado,No Jubilado
3,55,52,0,22,127.0,1,28,0.0,1,3,2,Hombre,Soltero,No Jubilado
3,1,20,0,1,18.0,3,0,0.0,0,1,1,Mujer,Soltero,No Jubilado
1,23,20,0,1,15.0,3,0,0.0,1,1,2,Hombre,Soltero,No Jubilado
3,40,63,1,9,61.0,1,22,0.0,0,2,1,Mujer,Casado,No Jubilado
3,51,37,1,17,101.0,2,10,0.0,1,2,3,Hombre,Casado,No Jubilado
2,45,59,0,14,51.0,1,15,0.0,0,2,1,Mujer,Soltero,No Jubilado
3,22,23,0,3,37.0,2,4,0.0,1,3,4,Hombre,Soltero,No Jubilado
3,19,29,1,9,18.0,2,2,0.0,0,3,1,Mujer,Casado,No Jubilado
3,35,45,0,17,29.0,1,6,0.0,0,1,1,Mujer,Soltero,No Jubilado
2,53,22,0,1,25.0,4,0,0.0,0,2,2,Mujer,Soltero,No Jubilado
3,27,34,0,8,21.0,3,4,0.0,1,1,2,Hombre,Soltero,No Jubilado
2,12,24,0,2,19.0,1,0,0.0,0,1,3,Mujer,Soltero,No Jubilado
1,37,60,1,0,46.0,1,20,0.0,0,3,3,Mujer,Casado,No Jubilado
2,2,29,1,3,44.0,2,9,0.0,1,6,4,Hombre,Casado,No Jubilado
2,41,39,0,17,78.0,2,16,0.0,1,1,3,Hombre,Soltero,No Jubilado
2,1,22,0,2,35.0,2,2,0.0,0,1,1,Mujer,Soltero,No Jubilado
3,44,39,1,8,41.0,2,8,0.0,0,4,4,Mujer,Casado,No Jubilado
3,55,37,1,15,23.0,2,0,0.0,1,5,3,Hombre,Casado,No Jubilado
3,67,60,0,24,24.0,1,6,0.0,1,1,3,Hombre,Soltero,No Jubilado
3,53,33,0,1,60.0,1,6,0.0,0,2,4,Mujer,Soltero,No Jubilado
2,35,38,0,7,90.0,2,18,0.0,0,4,2,Mujer,Soltero,No Jubilado
3,67,40,1,21,40.0,4,7,0.0,1,4,4,Hombre,Casado,No Jubilado
3,65,39,1,18,32.0,2,15,0.0,0,4,3,Mujer,Casado,No Jubilado
2,16,33,0,1,30.0,3,7,0.0,0,4,3,Mujer,Soltero,No Jubilado
2,6,42,1,17,29.0,2,2,0.0,1,2,4,Hombre,Casado,No Jubilado
2,39,51,1,21,41.0,5,20,0.0,0,6,4,Mujer,Casado,No Jubilado
3,71,48,0,25,288.0,3,19,0.0,0,1,1,Mujer,Soltero,No Jubilado
3,16,48,0,25,59.0,2,13,0.0,0,2,3,Mujer,Soltero,No Jubilado
2,28,48,0,20,128.0,4,4,0.0,1,1,4,Hombre,Soltero,No Jubilado
2,23,30,1,9,30.0,1,2,0.0,0,4,3,Mujer,Casado,No Jubilado
1,26,30,0,9,18.0,4,1,0.0,0,3,4,Mujer,Soltero,No Jubilado
2,69,47,1,10,159.0,2,24,0.0,0,4,3,Mujer,Casado,No Jubilado
1,20,34,0,14,51.0,3,9,0.0,1,1,2,Hombre,Soltero,No Jubilado
3,20,48,1,29,24.0,2,3,0.0,0,2,4,Mujer,Casado,No Jubilado
3,36,42,0,5,31.0,1,4,0.0,1,1,1,Hombre,Soltero,No Jubilado
3,11,48,1,5,323.0,4,25,0.0,0,4,3,Mujer,Casado,No Jubilado
2,54,60,0,38,211.0,4,25,0.0,0,1,4,Mujer,Soltero,No Jubilado
1,8,49,0,14,134.0,4,9,0.0,1,1,4,Hombre,Soltero,No Jubilado
1,58,62,1,36,27.0,1,0,0.0,0,2,1,Mujer,Casado,No Jubilado
3,38,27,1,0,26.0,4,2,0.0,0,4,4,Mujer,Casado,No Jubilado
2,64,46,1,19,168.0,2,26,0.0,1,2,4,Hombre,Casado,No Jubilado
1,65,37,0,8,56.0,2,15,0.0,0,1,2,Mujer,Soltero,No Jubilado
3,61,52,1,30,91.0,1,25,0.0,1,2,1,Hombre,Casado,No Jubilado
1,42,42,1,9,41.0,2,13,0.0,0,8,3,Mujer,Casado,No Jubilado
2,49,54,1,23,25.0,2,1,0.0,1,4,1,Hombre,Casado,No Jubilado
3,57,57,1,19,130.0,3,27,0.0,1,2,2,Hombre,Casado,No Jubilado
2,34,36,1,17,50.0,1,4,0.0,0,2,3,Mujer,Casado,No Jubilado
1,29,37,1,13,145.0,5,0,0.0,1,4,4,Hombre,Casado,No Jubilado
1,35,43,0,12,224.0,3,17,0.0,0,1,1,Mujer,Soltero,No Jubilado
1,34,55,0,2,48.0,2,11,0.0,0,1,1,Mujer,Soltero,No Jubilado
3,64,45,0,4,38.0,2,7,0.0,1,1,3,Hombre,Soltero,No Jubilado
2,24,27,0,2,17.0,3,3,0.0,0,5,2,Mujer,Soltero,No Jubilado
1,19,25,1,6,27.0,4,0,0.0,1,2,3,Hombre,Casado,No Jubilado
1,13,34,0,11,20.0,3,0,0.0,1,1,1,Hombre,Soltero,No Jubilado
3,5,47,0,7,46.0,1,6,0.0,1,1,1,Hombre,Soltero,No Jubilado
3,5,34,0,12,22.0,2,2,0.0,0,2,1,Mujer,Soltero,No Jubilado
3,65,64,0,20,88.0,3,26,0.0,1,1,4,Hombre,Soltero,No Jubilado
3,68,52,1,24,116.0,1,29,0.0,1,2,3,Hombre,Casado,No Jubilado
1,52,49,0,18,69.0,2,13,0.0,1,2,3,Hombre,Soltero,No Jubilado
1,67,45,1,22,83.0,3,11,0.0,1,2,2,Hombre,Casado,No Jubilado
1,13,21,0,2,19.0,3,0,0.0,1,1,2,Hombre,Soltero,No Jubilado
3,48,50,1,4,208.0,4,19,0.0,1,2,4,Hombre,Casado,No Jubilado
2,71,70,0,30,153.0,3,34,1.0,1,1,3,Hombre,Soltero,Jubilado
1,7,38,0,4,70.0,4,4,0.0,0,1,4,Mujer,Soltero,No Jubilado
3,35,55,0,24,30.0,2,2,0.0,0,1,1,Mujer,Soltero,No Jubilado
2,55,44,0,24,83.0,1,23,0.0,1,1,3,Hombre,Soltero,No Jubilado
1,40,40,1,3,73.0,4,12,0.0,1,4,3,Hombre,Casado,No Jubilado
2,39,44,1,14,418.0,4,18,0.0,0,2,4,Mujer,Casado,No Jubilado
2,22,56,1,14,57.0,4,28,0.0,0,2,4,Mujer,Casado,No Jubilado
1,72,63,1,29,15.0,5,31,1.0,0,2,3,Mujer,Casado,Jubilado
2,30,43,0,18,53.0,4,6,0.0,0,1,1,Mujer,Soltero,No Jubilado
2,48,42,0,21,46.0,4,4,0.0,0,1,3,Mujer,Soltero,No Jubilado
1,10,42,1,10,294.0,4,9,0.0,1,6,4,Hombre,Casado,No Jubilado
1,62,51,0,10,43.0,4,19,0.0,0,2,2,Mujer,Soltero,No Jubilado
1,50,50,0,24,31.0,1,8,0.0,0,1,3,Mujer,Soltero,No Jubilado
3,14,36,0,13,67.0,5,4,0.0,1,1,1,Hombre,Soltero,No Jubilado
2,48,34,0,7,42.0,3,2,0.0,1,1,2,Hombre,Soltero,No Jubilado
2,50,27,1,5,22.0,2,5,0.0,1,3,1,Hombre,Casado,No Jubilado
2,7,33,0,4,29.0,4,4,0.0,1,3,1,Hombre,Soltero,No Jubilado
2,42,32,1,0,59.0,4,4,0.0,1,6,4,Hombre,Casado,No Jubilado
3,5,43,0,16,72.0,3,17,0.0,1,1,3,Hombre,Soltero,No Jubilado
1,56,53,1,23,100.0,5,14,0.0,1,2,2,Hombre,Casado,No Jubilado
3,43,38,1,7,18.0,3,8,0.0,1,3,4,Hombre,Casado,No Jubilado
1,7,23,0,3,27.0,2,1,0.0,1,3,1,Hombre,Soltero,No Jubilado
2,68,39,0,20,73.0,2,16,0.0,1,1,2,Hombre,Soltero,No Jubilado
2,33,33,1,12,42.0,4,7,0.0,1,5,2,Hombre,Casado,No Jubilado
1,3,23,0,2,20.0,2,4,0.0,0,1,1,Mujer,Soltero,No Jubilado
2,19,23,1,4,37.0,3,1,0.0,1,4,3,Hombre,Casado,No Jubilado
2,9,24,1,3,26.0,4,1,0.0,1,3,1,Hombre,Casado,No Jubilado
1,9,41,0,12,39.0,4,3,0.0,0,1,1,Mujer,Soltero,No Jubilado
1,68,57,1,33,15.0,2,0,0.0,1,2,4,Hombre,Casado,No Jubilado
2,38,44,0,1,50.0,4,7,0.0,1,1,2,Hombre,Soltero,No Jubilado
1,4,25,1,3,71.0,3,3,0.0,1,5,1,Hombre,Casado,No Jubilado
3,50,37,1,11,48.0,3,8,0.0,1,2,3,Hombre,Casado,No Jubilado
3,24,26,0,2,32.0,3,2,0.0,0,3,1,Mujer,Soltero,No Jubilado
3,50,41,0,16,138.0,2,18,0.0,1,1,2,Hombre,Soltero,No Jubilado
1,17,42,1,6,131.0,5,6,0.0,0,3,2,Mujer,Casado,No Jubilado
3,54,40,0,19,50.0,4,12,0.0,1,2,4,Hombre,Soltero,No Jubilado
2,10,20,1,1,20.0,2,0,0.0,1,4,1,Hombre,Casado,No Jubilado
3,32,23,1,2,26.0,3,1,0.0,1,6,4,Hombre,Casado,No Jubilado
3,16,19,0,0,21.0,2,0,0.0,1,1,1,Hombre,Soltero,No Jubilado
3,42,22,1,0,46.0,4,0,0.0,0,2,4,Mujer,Casado,No Jubilado
1,71,61,1,19,155.0,3,30,0.0,0,2,3,Mujer,Casado,No Jubilado
2,24,40,1,4,39.0,3,5,0.0,1,2,3,Hombre,Casado,No Jubilado
2,32,54,0,6,155.0,2,20,0.0,0,1,1,Mujer,Soltero,No Jubilado
1,8,29,1,2,21.0,5,0,0.0,0,2,1,Mujer,Casado,No Jubilado
3,1,59,0,4,9.0,1,4,1.0,0,1,3,Mujer,Soltero,Jubilado
1,60,48,0,29,100.0,2,26,0.0,1,1,3,Hombre,Soltero,No Jubilado
1,66,62,0,31,47.0,2,4,0.0,1,1,2,Hombre,Soltero,No Jubilado
2,19,26,0,2,48.0,3,0,0.0,0,2,3,Mujer,Soltero,No Jubilado
2,62,54,1,2,50.0,4,3,0.0,0,2,4,Mujer,Casado,No Jubilado
2,69,40,1,13,41.0,2,17,0.0,0,3,2,Mujer,Casado,No Jubilado
1,55,65,0,34,28.0,4,12,1.0,1,1,4,Hombre,Soltero,Jubilado
1,49,37,1,17,50.0,2,12,0.0,1,2,2,Hombre,Casado,No Jubilado
3,61,76,0,39,15.0,1,29,1.0,0,1,3,Mujer,Soltero,Jubilado
3,56,30,1,9,57.0,5,2,0.0,0,4,2,Mujer,Casado,No Jubilado
1,16,59,0,5,207.0,2,37,0.0,1,2,4,Hombre,Soltero,No Jubilado
3,12,31,0,8,18.0,4,4,0.0,0,1,1,Mujer,Soltero,No Jubilado
2,45,52,1,4,169.0,4,29,0.0,1,4,2,Hombre,Casado,No Jubilado
1,72,69,0,45,17.0,3,36,1.0,1,1,2,Hombre,Soltero,Jubilado
1,67,40,1,14,59.0,3,11,0.0,0,2,3,Mujer,Casado,No Jubilado
3,24,35,1,10,41.0,5,6,0.0,1,2,2,Hombre,Casado,No Jubilado
2,32,43,0,13,146.0,1,27,0.0,1,1,3,Hombre,Soltero,No Jubilado
2,14,34,1,4,27.0,4,1,0.0,1,2,4,Hombre,Casado,No Jubilado
3,69,59,0,37,104.0,2,13,0.0,0,1,3,Mujer,Soltero,No Jubilado
2,48,35,0,5,63.0,4,12,0.0,0,2,3,Mujer,Soltero,No Jubilado
2,52,46,0,17,51.0,2,13,0.0,1,3,2,Hombre,Soltero,No Jubilado
2,7,41,0,6,94.0,2,16,0.0,0,1,4,Mujer,Soltero,No Jubilado
3,70,53,1,16,183.0,2,35,0.0,1,2,2,Hombre,Casado,No Jubilado
1,50,34,0,10,104.0,3,9,0.0,0,1,4,Mujer,Soltero,No Jubilado
1,26,30,1,4,76.0,3,7,0.0,0,2,1,Mujer,Casado,No Jubilado
3,59,55,1,29,42.0,3,21,0.0,1,2,2,Hombre,Casado,No Jubilado
3,5,31,0,4,34.0,1,9,0.0,0,1,3,Mujer,Soltero,No Jubilado
2,1,20,0,1,21.0,2,0,0.0,1,2,1,Hombre,Soltero,No Jubilado
3,13,33,0,7,38.0,3,10,0.0,1,1,4,Hombre,Soltero,No Jubilado
2,33,28,1,3,24.0,2,0,0.0,1,6,1,Hombre,Casado,No Jubilado
2,36,45,0,22,117.0,3,15,0.0,1,1,2,Hombre,Soltero,No Jubilado
2,41,47,1,6,90.0,2,19,0.0,0,3,1,Mujer,Casado,No Jubilado
1,24,61,1,6,112.0,4,3,0.0,1,4,1,Hombre,Casado,No Jubilado
2,50,52,0,30,214.0,3,22,0.0,0,1,4,Mujer,Soltero,No Jubilado
3,49,27,1,3,29.0,3,6,0.0,1,3,2,Hombre,Casado,No Jubilado
3,72,66,0,26,67.0,2,37,1.0,1,1,3,Hombre,Soltero,Jubilado
1,5,30,0,4,25.0,3,6,0.0,0,1,3,Mujer,Soltero,No Jubilado
2,60,57,1,14,107.0,2,33,0.0,1,2,3,Hombre,Casado,No Jubilado
3,2,40,0,19,51.0,4,14,0.0,1,1,1,Hombre,Soltero,No Jubilado
1,23,35,0,4,118.0,2,11,0.0,0,1,1,Mujer,Soltero,No Jubilado
2,24,44,0,19,33.0,3,0,0.0,1,2,1,Hombre,Soltero,No Jubilado
3,48,35,0,10,24.0,2,6,0.0,0,1,3,Mujer,Soltero,No Jubilado
2,1,26,1,3,30.0,2,7,0.0,1,5,1,Hombre,Casado,No Jubilado
3,49,51,1,14,222.0,5,16,0.0,0,2,2,Mujer,Casado,No Jubilado
3,11,63,0,9,41.0,3,3,0.0,0,1,1,Mujer,Soltero,No Jubilado
2,31,53,0,2,351.0,3,31,0.0,1,1,3,Hombre,Soltero,No Jubilado
3,6,30,0,7,16.0,3,1,0.0,1,1,2,Hombre,Soltero,No Jubilado
3,17,35,0,4,77.0,3,8,0.0,1,1,3,Hombre,Soltero,No Jubilado
2,15,35,0,0,34.0,1,12,0.0,0,1,1,Mujer,Soltero,No Jubilado
1,65,41,1,3,74.0,4,16,0.0,0,2,2,Mujer,Casado,No Jubilado
3,39,24,1,2,26.0,2,4,0.0,0,4,1,Mujer,Casado,No Jubilado
1,67,67,1,38,49.0,2,10,0.0,1,2,2,Hombre,Casado,No Jubilado
3,31,62,0,5,56.0,2,26,0.0,1,1,3,Hombre,Soltero,No Jubilado
2,37,53,1,16,35.0,1,16,0.0,1,4,3,Hombre,Casado,No Jubilado
1,33,54,1,18,57.0,4,4,0.0,1,3,3,Hombre,Casado,No Jubilado
2,5,69,0,0,11.0,2,14,1.0,0,1,1,Mujer,Soltero,Jubilado
2,39,39,0,19,29.0,4,6,0.0,0,1,2,Mujer,Soltero,No Jubilado
2,17,33,0,9,23.0,5,3,0.0,0,1,4,Mujer,Soltero,No Jubilado
2,13,38,1,8,104.0,4,6,0.0,0,7,4,Mujer,Casado,No Jubilado
2,27,35,0,12,56.0,1,3,0.0,1,1,4,Hombre,Soltero,No Jubilado
1,28,40,1,1,47.0,2,9,0.0,1,3,3,Hombre,Casado,No Jubilado
3,72,61,1,34,61.0,1,8,0.0,0,3,2,Mujer,Casado,No Jubilado
3,29,26,0,7,34.0,1,7,0.0,1,2,3,Hombre,Soltero,No Jubilado
3,17,50,0,2,205.0,5,19,0.0,0,1,4,Mujer,Soltero,No Jubilado
1,15,30,1,8,90.0,2,11,0.0,0,5,4,Mujer,Casado,No Jubilado
3,32,37,0,9,44.0,2,7,0.0,0,1,1,Mujer,Soltero,No Jubilado
3,29,31,0,7,30.0,3,7,0.0,1,1,3,Hombre,Soltero,No Jubilado
2,5,33,0,6,39.0,3,4,0.0,0,3,4,Mujer,Soltero,No Jubilado
3,18,44,1,10,107.0,1,19,0.0,1,7,1,Hombre,Casado,No Jubilado
3,10,28,1,2,36.0,4,0,0.0,1,3,4,Hombre,Casado,No Jubilado
2,9,33,0,1,48.0,2,13,0.0,0,2,1,Mujer,Soltero,No Jubilado
2,49,61,1,28,21.0,1,8,0.0,0,2,3,Mujer,Casado,No Jubilado
2,14,35,0,4,47.0,3,10,0.0,1,1,2,Hombre,Soltero,No Jubilado
3,31,23,1,1,31.0,3,1,0.0,1,2,4,Hombre,Casado,No Jubilado
1,45,66,0,43,144.0,2,13,0.0,1,1,2,Hombre,Soltero,No Jubilado
2,52,39,0,6,119.0,3,18,0.0,1,1,1,Hombre,Soltero,No Jubilado
2,31,44,0,23,80.0,5,15,0.0,0,1,2,Mujer,Soltero,No Jubilado
1,3,55,1,9,26.0,5,0,0.0,1,2,2,Hombre,Casado,No Jubilado
3,42,48,1,14,27.0,3,5,0.0,1,3,4,Hombre,Casado,No Jubilado
3,6,20,0,0,25.0,2,0,0.0,1,2,3,Hombre,Soltero,No Jubilado
1,12,23,1,2,24.0,4,0,0.0,1,8,4,Hombre,Casado,No Jubilado
3,32,47,0,25,135.0,2,6,0.0,1,1,1,Hombre,Soltero,No Jubilado
2,23,35,0,2,96.0,3,4,0.0,0,1,4,Mujer,Soltero,No Jubilado
2,15,39,0,19,32.0,2,2,0.0,0,1,2,Mujer,Soltero,No Jubilado
3,69,66,1,31,49.0,2,15,0.0,0,2,1,Mujer,Casado,No Jubilado
1,25,39,1,1,26.0,4,0,0.0,0,4,2,Mujer,Casado,No Jubilado
2,58,36,0,10,38.0,2,14,0.0,1,1,2,Hombre,Soltero,No Jubilado
3,45,27,1,3,39.0,3,2,0.0,0,4,2,Mujer,Casado,No Jubilado
3,19,30,1,10,33.0,4,1,0.0,0,3,4,Mujer,Casado,No Jubilado
1,47,34,1,4,63.0,2,13,0.0,1,4,1,Hombre,Casado,No Jubilado
1,13,20,0,1,17.0,3,0,0.0,0,5,4,Mujer,Soltero,No Jubilado
3,34,48,0,3,49.0,2,6,0.0,1,3,3,Hombre,Soltero,No Jubilado
1,29,38,1,19,46.0,2,6,0.0,0,2,2,Mujer,Casado,No Jubilado
1,63,29,0,10,20.0,3,7,0.0,0,2,4,Mujer,Soltero,No Jubilado
1,39,34,1,11,55.0,4,10,0.0,1,4,4,Hombre,Casado,No Jubilado
1,42,56,0,24,72.0,4,18,0.0,1,1,4,Hombre,Soltero,No Jubilado
2,17,42,0,6,31.0,2,2,0.0,0,1,4,Mujer,Soltero,No Jubilado
3,5,44,1,2,83.0,3,14,0.0,1,3,3,Hombre,Casado,No Jubilado
1,4,22,1,1,22.0,2,2,0.0,1,3,3,Hombre,Casado,No Jubilado
1,50,50,1,22,150.0,5,5,0.0,1,4,2,Hombre,Casado,No Jubilado
3,5,30,0,3,46.0,4,7,0.0,0,1,2,Mujer,Soltero,No Jubilado
3,7,32,0,1,71.0,4,3,0.0,0,2,4,Mujer,Soltero,No Jubilado
1,61,29,1,5,48.0,2,11,0.0,0,4,2,Mujer,Casado,No Jubilado
2,38,42,0,1,30.0,4,7,0.0,1,1,1,Hombre,Soltero,No Jubilado
1,64,39,0,5,37.0,1,9,0.0,0,1,1,Mujer,Soltero,No Jubilado
1,26,47,0,13,54.0,3,0,0.0,0,1,2,Mujer,Soltero,No Jubilado
3,20,35,1,11,52.0,4,0,0.0,0,2,2,Mujer,Casado,No Jubilado
1,30,57,1,16,19.0,1,1,0.0,0,4,1,Mujer,Casado,No Jubilado
3,59,57,0,26,311.0,3,36,0.0,1,1,1,Hombre,Soltero,No Jubilado
3,55,45,0,8,36.0,2,9,0.0,0,3,3,Mujer,Soltero,No Jubilado
1,42,62,0,26,26.0,1,35,1.0,1,1,1,Hombre,Soltero,Jubilado
2,72,53,0,12,152.0,2,32,0.0,1,1,4,Hombre,Soltero,No Jubilado
1,65,45,1,25,67.0,5,13,0.0,1,2,3,Hombre,Casado,No Jubilado
3,8,35,0,6,31.0,5,7,0.0,0,1,4,Mujer,Soltero,No Jubilado
2,69,51,0,18,96.0,1,33,0.0,0,4,3,Mujer,Soltero,No Jubilado
3,17,21,1,0,25.0,2,1,0.0,1,3,3,Hombre,Casado,No Jubilado
1,45,30,1,8,38.0,2,5,0.0,0,6,3,Mujer,Casado,No Jubilado
2,17,38,1,19,18.0,4,0,0.0,1,4,2,Hombre,Casado,No Jubilado
2,15,54,0,7,62.0,1,11,0.0,0,1,1,Mujer,Soltero,No Jubilado
3,21,44,0,25,47.0,1,12,0.0,1,2,3,Hombre,Soltero,No Jubilado
2,30,34,1,4,27.0,2,1,0.0,0,5,1,Mujer,Casado,No Jubilado
1,31,32,1,13,37.0,3,8,0.0,1,3,4,Hombre,Casado,No Jubilado
3,23,25,1,5,19.0,5,0,0.0,0,3,4,Mujer,Casado,No Jubilado
1,3,33,0,8,51.0,4,0,0.0,1,1,1,Hombre,Soltero,No Jubilado
2,69,42,1,11,65.0,2,18,0.0,0,2,4,Mujer,Casado,No Jubilado
2,34,23,1,3,24.0,1,7,0.0,1,4,3,Hombre,Casado,No Jubilado
1,49,51,1,27,63.0,4,19,0.0,0,5,2,Mujer,Casado,No Jubilado
3,20,31,1,10,39.0,2,3,0.0,1,2,1,Hombre,Casado,No Jubilado
1,72,69,1,49,44.0,2,44,1.0,1,2,3,Hombre,Casado,Jubilado
3,7,35,0,14,80.0,2,15,0.0,1,1,3,Hombre,Soltero,No Jubilado
1,20,34,1,2,22.0,4,0,0.0,1,3,4,Hombre,Casado,No Jubilado
3,63,67,0,22,9.0,2,12,1.0,0,1,3,Mujer,Soltero,Jubilado
1,41,44,1,1,59.0,3,21,0.0,1,3,2,Hombre,Casado,No Jubilado
2,41,52,0,27,30.0,2,2,0.0,1,1,3,Hombre,Soltero,No Jubilado
1,22,33,0,9,54.0,1,10,0.0,0,1,3,Mujer,Soltero,No Jubilado
2,17,39,0,12,45.0,4,10,0.0,1,1,1,Hombre,Soltero,No Jubilado
2,59,49,0,28,429.0,4,23,0.0,1,2,4,Hombre,Soltero,No Jubilado
1,72,55,1,28,40.0,1,11,0.0,0,5,2,Mujer,Casado,No Jubilado
3,39,34,1,10,51.0,3,13,0.0,1,4,4,Hombre,Casado,No Jubilado
2,46,42,0,9,52.0,4,7,0.0,0,3,2,Mujer,Soltero,No Jubilado
2,6,27,1,5,26.0,4,2,0.0,0,5,1,Mujer,Casado,No Jubilado
3,70,50,1,29,67.0,1,22,0.0,0,4,2,Mujer,Casado,No Jubilado
3,1,30,0,3,135.0,4,3,0.0,0,3,1,Mujer,Soltero,No Jubilado
2,23,33,1,7,28.0,1,4,0.0,0,2,3,Mujer,Casado,No Jubilado
1,27,67,0,1,33.0,4,19,1.0,1,1,3,Hombre,Soltero,Jubilado
2,9,46,0,3,25.0,1,8,0.0,1,2,1,Hombre,Soltero,No Jubilado
2,58,58,1,10,96.0,2,17,0.0,0,4,3,Mujer,Casado,No Jubilado
1,72,52,1,21,63.0,1,24,0.0,0,3,3,Mujer,Casado,No Jubilado
1,22,44,1,19,37.0,4,1,0.0,0,2,3,Mujer,Casado,No Jubilado
3,48,45,0,15,41.0,1,10,0.0,1,2,1,Hombre,Soltero,No Jubilado
1,2,36,0,3,25.0,1,6,0.0,1,1,3,Hombre,Soltero,No Jubilado
1,24,43,0,14,138.0,4,11,0.0,1,1,3,Hombre,Soltero,No Jubilado
1,71,53,1,27,155.0,5,12,0.0,0,2,4,Mujer,Casado,No Jubilado
3,67,77,0,55,49.0,1,45,1.0,1,1,1,Hombre,Soltero,Jubilado
1,59,53,0,21,112.0,4,16,0.0,0,1,2,Mujer,Soltero,No Jubilado
2,57,39,0,6,106.0,5,8,0.0,0,1,3,Mujer,Soltero,No Jubilado
3,10,22,0,0,24.0,4,0,0.0,0,1,4,Mujer,Soltero,No Jubilado
2,4,47,0,5,123.0,4,11,0.0,0,1,1,Mujer,Soltero,No Jubilado
3,60,58,0,0,63.0,4,21,0.0,1,3,2,Hombre,Soltero,No Jubilado
1,65,59,1,27,197.0,4,26,0.0,0,2,2,Mujer,Casado,No Jubilado
3,70,36,0,8,50.0,1,15,0.0,1,1,2,Hombre,Soltero,No Jubilado
3,37,53,1,13,48.0,1,10,0.0,0,3,3,Mujer,Casado,No Jubilado
2,50,29,1,10,53.0,4,0,0.0,1,4,4,Hombre,Casado,No Jubilado
3,61,48,0,14,115.0,4,20,0.0,1,1,4,Hombre,Soltero,No Jubilado
2,33,33,0,7,56.0,2,11,0.0,0,1,1,Mujer,Soltero,No Jubilado
2,65,64,1,22,13.0,2,5,1.0,1,3,3,Hombre,Casado,Jubilado
2,42,54,0,19,57.0,3,10,0.0,1,1,4,Hombre,Soltero,No Jubilado
1,9,28,1,8,28.0,3,4,0.0,0,3,2,Mujer,Casado,No Jubilado
2,7,27,0,3,39.0,3,2,0.0,0,1,1,Mujer,Soltero,No Jubilado
3,10,41,0,7,30.0,1,7,0.0,0,1,3,Mujer,Soltero,No Jubilado
1,69,42,1,23,19.0,3,0,0.0,1,2,1,Hombre,Casado,No Jubilado
1,72,59,1,12,65.0,3,21,0.0,1,6,2,Hombre,Casado,No Jubilado
3,55,46,0,8,87.0,2,19,0.0,1,1,1,Hombre,Soltero,No Jubilado
1,61,59,0,26,89.0,1,40,1.0,1,1,3,Hombre,Soltero,Jubilado
3,4,24,0,1,17.0,2,2,0.0,0,3,1,Mujer,Soltero,No Jubilado
1,71,55,1,11,198.0,1,31,0.0,1,3,3,Hombre,Casado,No Jubilado
2,38,35,0,5,76.0,2,10,0.0,0,3,4,Mujer,Soltero,No Jubilado
3,27,28,1,0,58.0,3,0,0.0,0,2,3,Mujer,Casado,No Jubilado
2,57,54,1,20,21.0,2,0,0.0,1,3,1,Hombre,Casado,No Jubilado
3,22,47,1,0,44.0,4,11,0.0,1,3,4,Hombre,Casado,No Jubilado
2,38,71,0,27,10.0,2,12,1.0,0,1,1,Mujer,Soltero,Jubilado
3,14,28,1,7,17.0,2,3,0.0,0,4,1,Mujer,Casado,No Jubilado
3,14,43,1,18,36.0,1,5,0.0,0,5,3,Mujer,Casado,No Jubilado
2,13,44,1,9,64.0,4,5,0.0,0,2,1,Mujer,Casado,No Jubilado
3,71,60,1,39,508.0,4,35,0.0,0,4,4,Mujer,Casado,No Jubilado
2,17,41,1,9,28.0,4,3,0.0,0,6,1,Mujer,Casado,No Jubilado
2,26,39,1,15,58.0,4,9,0.0,1,2,3,Hombre,Casado,No Jubilado
3,66,61,0,26,361.0,1,40,0.0,1,1,2,Hombre,Soltero,No Jubilado
3,52,42,1,17,27.0,3,8,0.0,1,2,3,Hombre,Casado,No Jubilado
3,16,34,1,5,51.0,2,8,0.0,1,5,1,Hombre,Casado,No Jubilado
3,6,32,0,10,47.0,1,10,0.0,0,1,3,Mujer,Soltero,No Jubilado
2,43,49,1,18,66.0,1,22,0.0,0,4,3,Mujer,Casado,No Jubilado
3,23,25,1,2,28.0,3,1,0.0,1,5,2,Hombre,Casado,No Jubilado
1,4,30,0,1,45.0,4,6,0.0,0,3,4,Mujer,Soltero,No Jubilado
2,68,60,0,40,262.0,2,39,0.0,1,1,3,Hombre,Soltero,No Jubilado
2,20,48,1,21,45.0,3,2,0.0,1,2,3,Hombre,Casado,No Jubilado
3,43,36,1,5,107.0,1,19,0.0,1,3,2,Hombre,Casado,No Jubilado
1,26,41,1,20,19.0,1,0,0.0,1,6,1,Hombre,Casado,No Jubilado
3,44,32,1,1,96.0,4,5,0.0,1,4,4,Hombre,Casado,No Jubilado
2,25,55,0,15,37.0,1,7,0.0,1,1,1,Hombre,Soltero,No Jubilado
3,48,49,0,18,39.0,2,5,0.0,1,1,4,Hombre,Soltero,No Jubilado
2,46,55,0,24,269.0,2,35,0.0,0,1,3,Mujer,Soltero,No Jubilado
1,20,33,0,13,44.0,3,8,0.0,1,1,2,Hombre,Soltero,No Jubilado
3,54,33,0,5,47.0,2,13,0.0,1,2,3,Hombre,Soltero,No Jubilado
3,67,65,1,30,17.0,1,29,1.0,1,2,3,Hombre,Casado,Jubilado
2,33,33,0,12,33.0,2,0,0.0,1,1,1,Hombre,Soltero,No Jubilado
1,35,57,1,32,47.0,4,12,0.0,0,2,2,Mujer,Casado,No Jubilado
2,20,49,1,5,264.0,2,29,0.0,1,2,1,Hombre,Casado,No Jubilado
1,56,47,1,19,65.0,2,22,0.0,0,3,4,Mujer,Casado,No Jubilado
2,29,24,1,3,23.0,1,7,0.0,0,2,3,Mujer,Casado,No Jubilado
3,44,37,1,1,41.0,4,8,0.0,1,6,2,Hombre,Casado,No Jubilado
1,8,46,0,3,46.0,2,8,0.0,0,1,1,Mujer,Soltero,No Jubilado
3,33,26,0,5,46.0,4,1,0.0,1,3,4,Hombre,Soltero,No Jubilado
3,58,37,1,5,64.0,4,8,0.0,1,2,4,Hombre,Casado,No Jubilado
3,54,32,1,12,27.0,1,9,0.0,0,2,2,Mujer,Casado,No Jubilado
2,22,28,1,0,36.0,4,0,0.0,0,4,4,Mujer,Casado,No Jubilado
1,15,62,1,3,144.0,3,21,0.0,0,2,3,Mujer,Casado,No Jubilado
3,20,40,0,2,209.0,4,15,0.0,1,1,2,Hombre,Soltero,No Jubilado
3,5,44,0,5,83.0,1,16,0.0,1,1,2,Hombre,Soltero,No Jubilado
1,24,30,1,7,45.0,1,11,0.0,1,2,1,Hombre,Casado,No Jubilado
2,37,40,1,14,26.0,2,0,0.0,0,5,2,Mujer,Casado,No Jubilado
1,42,33,0,2,67.0,2,5,0.0,0,2,2,Mujer,Soltero,No Jubilado
2,29,31,1,1,60.0,4,6,0.0,0,5,2,Mujer,Casado,No Jubilado
2,33,33,0,4,53.0,2,14,0.0,1,1,1,Hombre,Soltero,No Jubilado
1,57,37,0,11,108.0,4,9,0.0,1,1,3,Hombre,Soltero,No Jubilado
2,38,49,1,3,33.0,4,11,0.0,0,4,2,Mujer,Casado,No Jubilado
3,58,61,0,42,101.0,4,18,0.0,1,1,2,Hombre,Soltero,No Jubilado
3,7,24,0,5,29.0,2,3,0.0,0,3,1,Mujer,Soltero,No Jubilado
3,31,34,0,9,105.0,4,7,0.0,1,4,3,Hombre,Soltero,No Jubilado
2,26,27,1,4,33.0,4,1,0.0,0,6,4,Mujer,Casado,No Jubilado
2,67,47,1,19,69.0,3,12,0.0,0,3,3,Mujer,Casado,No Jubilado
2,42,46,1,9,31.0,1,12,0.0,1,3,1,Hombre,Casado,No Jubilado
1,24,46,0,12,43.0,2,6,0.0,0,1,4,Mujer,Soltero,No Jubilado
1,11,27,1,8,55.0,5,0,0.0,0,3,2,Mujer,Casado,No Jubilado
3,18,25,0,4,26.0,2,7,0.0,1,3,1,Hombre,Soltero,No Jubilado
2,9,53,1,20,50.0,2,13,0.0,1,2,1,Hombre,Casado,No Jubilado
2,57,63,0,19,61.0,1,27,0.0,0,1,3,Mujer,Soltero,No Jubilado
3,52,54,0,7,59.0,3,22,0.0,0,1,3,Mujer,Soltero,No Jubilado
2,72,49,1,23,102.0,1,27,0.0,1,6,2,Hombre,Casado,No Jubilado
2,57,51,1,7,68.0,4,18,0.0,1,3,3,Hombre,Casado,No Jubilado
1,35,34,0,7,78.0,4,10,0.0,1,1,1,Hombre,Soltero,No Jubilado
2,25,38,1,19,56.0,1,19,0.0,1,2,3,Hombre,Casado,No Jubilado
3,67,47,1,7,97.0,1,23,0.0,0,4,3,Mujer,Casado,No Jubilado
2,50,68,1,32,262.0,3,28,0.0,0,2,3,Mujer,Casado,No Jubilado
2,56,61,1,14,12.0,1,16,1.0,1,2,1,Hombre,Casado,Jubilado
1,34,30,0,3,35.0,2,2,0.0,1,3,3,Hombre,Soltero,No Jubilado
3,55,47,0,11,37.0,1,11,0.0,0,1,3,Mujer,Soltero,No Jubilado
1,42,47,1,17,212.0,4,17,0.0,0,2,3,Mujer,Casado,No Jubilado
3,49,63,0,18,10.0,2,2,1.0,0,1,3,Mujer,Soltero,Jubilado
1,26,43,0,23,51.0,5,4,0.0,1,1,2,Hombre,Soltero,No Jubilado
1,11,24,1,0,31.0,2,3,0.0,1,4,4,Hombre,Casado,No Jubilado
2,29,26,0,1,22.0,4,2,0.0,1,1,4,Hombre,Soltero,No Jubilado
3,70,59,0,27,85.0,1,19,0.0,1,1,3,Hombre,Soltero,No Jubilado
2,16,49,0,17,41.0,2,5,0.0,0,1,4,Mujer,Soltero,No Jubilado
3,24,58,1,30,24.0,1,5,0.0,0,2,1,Mujer,Casado,No Jubilado
2,16,26,0,7,21.0,4,1,0.0,0,6,4,Mujer,Soltero,No Jubilado
1,71,47,1,23,142.0,1,30,0.0,0,2,2,Mujer,Casado,No Jubilado
2,58,46,1,23,23.0,1,2,0.0,1,2,1,Hombre,Casado,No Jubilado
3,5,36,1,2,34.0,1,4,0.0,1,2,3,Hombre,Casado,No Jubilado
1,7,34,0,2,22.0,5,5,0.0,1,1,1,Hombre,Soltero,No Jubilado
1,7,26,1,3,26.0,2,2,0.0,0,5,1,Mujer,Casado,No Jubilado
3,4,37,0,2,41.0,2,8,0.0,0,1,1,Mujer,Soltero,No Jubilado
3,38,33,0,4,19.0,2,5,0.0,1,2,3,Hombre,Soltero,No Jubilado
3,72,55,1,24,82.0,3,25,0.0,1,2,2,Hombre,Casado,No Jubilado
3,3,31,0,1,28.0,1,0,0.0,0,1,1,Mujer,Soltero,No Jubilado
2,3,37,0,13,24.0,1,3,0.0,1,1,1,Hombre,Soltero,No Jubilado
2,68,57,1,38,33.0,1,9,0.0,1,2,2,Hombre,Casado,No Jubilado
3,54,27,0,3,27.0,2,6,0.0,1,5,4,Hombre,Soltero,No Jubilado
2,45,37,0,2,57.0,3,14,0.0,1,1,2,Hombre,Soltero,No Jubilado
1,29,38,1,12,75.0,5,1,0.0,0,4,2,Mujer,Casado,No Jubilado
3,5,39,0,0,22.0,1,0,0.0,1,2,3,Hombre,Soltero,No Jubilado
2,8,24,1,1,18.0,4,0,0.0,1,5,4,Hombre,Casado,No Jubilado
3,15,26,0,1,38.0,4,1,0.0,0,2,4,Mujer,Soltero,No Jubilado
2,15,28,0,0,29.0,2,4,0.0,1,1,3,Hombre,Soltero,No Jubilado
3,46,45,0,12,96.0,3,17,0.0,0,1,2,Mujer,Soltero,No Jubilado
1,47,69,1,17,228.0,3,39,0.0,1,4,4,Hombre,Casado,No Jubilado
1,66,39,1,12,60.0,4,10,0.0,0,3,4,Mujer,Casado,No Jubilado
2,54,56,0,8,207.0,2,35,0.0,1,1,3,Hombre,Soltero,No Jubilado
1,36,58,0,34,80.0,1,21,0.0,1,1,2,Hombre,Soltero,No Jubilado
3,16,39,1,5,31.0,1,4,0.0,1,5,1,Hombre,Casado,No Jubilado
2,37,50,0,9,110.0,2,21,0.0,1,1,3,Hombre,Soltero,No Jubilado
1,16,54,0,20,147.0,1,29,0.0,0,4,3,Mujer,Soltero,No Jubilado
1,49,25,0,1,27.0,5,0,0.0,1,1,2,Hombre,Soltero,No Jubilado
1,3,24,1,2,20.0,2,3,0.0,1,5,3,Hombre,Casado,No Jubilado
1,24,54,1,7,84.0,3,10,0.0,1,2,1,Hombre,Casado,No Jubilado
1,29,35,1,10,55.0,2,7,0.0,0,4,3,Mujer,Casado,No Jubilado
2,59,52,1,18,78.0,1,25,0.0,0,2,1,Mujer,Casado,No Jubilado
2,62,76,0,20,35.0,3,18,1.0,1,1,2,Hombre,Soltero,Jubilado
3,67,52,0,13,248.0,2,20,0.0,1,3,3,Hombre,Soltero,No Jubilado
3,52,64,0,44,43.0,3,7,0.0,0,1,4,Mujer,Soltero,No Jubilado
3,59,43,1,4,101.0,2,22,0.0,1,5,2,Hombre,Casado,No Jubilado
3,4,28,0,0,39.0,2,3,0.0,1,1,3,Hombre,Soltero,No Jubilado
1,28,33,1,3,14.0,4,1,0.0,0,3,4,Mujer,Casado,No Jubilado
3,28,36,0,8,57.0,2,13,0.0,1,2,3,Hombre,Soltero,No Jubilado
1,48,55,0,15,79.0,1,25,0.0,0,1,3,Mujer,Soltero,No Jubilado
2,67,60,1,32,93.0,1,21,0.0,0,4,2,Mujer,Casado,No Jubilado
2,39,59,0,20,1668.0,4,27,0.0,1,1,2,Hombre,Soltero,No Jubilado
1,48,47,0,9,72.0,3,13,0.0,0,5,4,Mujer,Soltero,No Jubilado
2,10,45,1,8,115.0,3,17,0.0,1,4,2,Hombre,Casado,No Jubilado
